timestamp,coal,ironOre,steelBar,cannonBall
1427414400.00,138.00,38.00,505.00,194.00
1427500800.00,138.00,39.00,514.00,195.00
1427587200.00,142.00,41.00,499.00,196.00
1427673600.00,147.00,41.00,477.00,194.00
1427760000.00,142.00,39.00,469.00,189.00
1427846400.00,139.00,37.00,470.00,184.00
1427932800.00,137.00,36.00,485.00,181.00
1428019200.00,135.00,36.00,489.00,180.00
1428105600.00,135.00,37.00,483.00,186.00
1428192000.00,138.00,38.00,483.00,191.00
1428278400.00,142.00,40.00,474.00,193.00
1428364800.00,145.00,42.00,472.00,192.00
1428451200.00,146.00,44.00,483.00,191.00
1428537600.00,145.00,46.00,488.00,188.00
1428624000.00,144.00,49.00,492.00,186.00
1428710400.00,145.00,51.00,502.00,185.00
1428796800.00,147.00,54.00,491.00,187.00
1428883200.00,147.00,57.00,489.00,191.00
1428969600.00,146.00,56.00,489.00,192.00
1429056000.00,147.00,55.00,492.00,189.00
1429142400.00,149.00,57.00,493.00,187.00
1429228800.00,150.00,58.00,493.00,186.00
1429315200.00,155.00,60.00,488.00,185.00
1429401600.00,159.00,62.00,478.00,184.00
1429488000.00,160.00,62.00,470.00,184.00
1429574400.00,158.00,60.00,467.00,182.00
1429660800.00,158.00,58.00,473.00,177.00
1429747200.00,160.00,56.00,484.00,176.00
1429833600.00,161.00,55.00,489.00,177.00
1429920000.00,164.00,56.00,499.00,179.00
1430006400.00,166.00,55.00,505.00,180.00
1430092800.00,167.00,54.00,499.00,181.00
1430179200.00,169.00,53.00,507.00,182.00
1430265600.00,170.00,52.00,517.00,181.00
1430352000.00,176.00,55.00,528.00,180.00
1430438400.00,175.00,57.00,516.00,179.00
1430524800.00,178.00,60.00,501.00,178.00
1430611200.00,185.00,63.00,481.00,178.00
1430697600.00,192.00,67.00,467.00,178.00
1430784000.00,194.00,69.00,467.00,177.00
1430870400.00,191.00,69.00,479.00,177.00
1430956800.00,187.00,71.00,489.00,176.00
1431043200.00,186.00,74.00,493.00,175.00
1431129600.00,189.00,78.00,485.00,175.00
1431216000.00,194.00,82.00,475.00,175.00
1431302400.00,191.00,80.00,473.00,177.00
1431388800.00,186.00,76.00,480.00,177.00
1431475200.00,177.00,72.00,493.00,178.00
1431561600.00,169.00,68.00,502.00,180.00
1431648000.00,167.00,65.00,510.00,181.00
1431734400.00,167.00,65.00,497.00,183.00
1431820800.00,173.00,68.00,483.00,186.00
1431907200.00,177.00,69.00,478.00,187.00
1431993600.00,172.00,66.00,492.00,186.00
1432080000.00,169.00,65.00,513.00,185.00
1432166400.00,167.00,64.00,535.00,185.00
1432252800.00,169.00,67.00,560.00,184.00
1432339200.00,175.00,70.00,551.00,183.00
1432425600.00,183.00,74.00,526.00,183.00
1432512000.00,188.00,78.00,520.00,184.00
1432598400.00,186.00,81.00,528.00,184.00
1432684800.00,183.00,84.00,547.00,182.00
1432771200.00,181.00,87.00,555.00,179.00
1432857600.00,180.00,88.00,545.00,176.00
1432944000.00,180.00,89.00,537.00,178.00
1433030400.00,177.00,85.00,537.00,181.00
1433116800.00,175.00,80.00,531.00,181.00
1433203200.00,172.00,76.00,546.00,179.00
1433289600.00,172.00,74.00,554.00,178.00
1433376000.00,170.00,72.00,560.00,179.00
1433462400.00,166.00,71.00,579.00,181.00
1433548800.00,164.00,69.00,606.00,185.00
1433635200.00,163.00,69.00,630.00,190.00
1433721600.00,163.00,67.00,623.00,194.00
1433808000.00,167.00,66.00,608.00,198.00
1433894400.00,169.00,67.00,591.00,202.00
1433980800.00,169.00,67.00,594.00,207.00
1434067200.00,167.00,67.00,602.00,212.00
1434153600.00,167.00,69.00,602.00,218.00
1434240000.00,173.00,72.00,585.00,218.00
1434326400.00,176.00,75.00,559.00,216.00
1434412800.00,179.00,72.00,541.00,211.00
1434499200.00,181.00,69.00,554.00,204.00
1434585600.00,181.00,68.00,545.00,197.00
1434672000.00,180.00,69.00,544.00,196.00
1434758400.00,180.00,70.00,535.00,202.00
1434844800.00,181.00,70.00,521.00,209.00
1434931200.00,175.00,67.00,518.00,213.00
1435017600.00,169.00,64.00,524.00,211.00
1435104000.00,169.00,63.00,533.00,208.00
1435190400.00,168.00,61.00,545.00,207.00
1435276800.00,166.00,62.00,539.00,207.00
1435363200.00,168.00,63.00,537.00,213.00
1435449600.00,173.00,65.00,519.00,223.00
1435536000.00,172.00,65.00,505.00,235.00
1435622400.00,166.00,63.00,509.00,242.00
1435708800.00,165.00,62.00,519.00,243.00
1435795200.00,162.00,61.00,533.00,241.00
1435881600.00,161.00,61.00,548.00,234.00
1435968000.00,162.00,62.00,554.00,230.00
1436054400.00,165.00,63.00,530.00,232.00
1436140800.00,165.00,62.00,507.00,232.00
1436227200.00,168.00,64.00,495.00,226.00
1436313600.00,172.00,66.00,482.00,219.00
1436400000.00,175.00,68.00,469.00,214.00
1436486400.00,182.00,70.00,480.00,211.00
1436572800.00,191.00,74.00,475.00,210.00
1436659200.00,201.00,78.00,468.00,212.00
1436745600.00,208.00,81.00,456.00,212.00
1436832000.00,198.00,76.00,459.00,209.00
1436918400.00,192.00,72.00,477.00,205.00
1437004800.00,188.00,70.00,485.00,203.00
1437091200.00,188.00,71.00,481.00,201.00
1437177600.00,196.00,74.00,464.00,200.00
1437264000.00,201.00,75.00,464.00,204.00
1437350400.00,204.00,74.00,453.00,209.00
1437436800.00,196.00,70.00,461.00,209.00
1437523200.00,191.00,67.00,485.00,209.00
1437609600.00,187.00,66.00,485.00,211.00
1437696000.00,187.00,66.00,485.00,216.00
1437782400.00,189.00,67.00,481.00,218.00
1437868800.00,182.00,65.00,489.00,221.00
1437955200.00,177.00,63.00,494.00,221.00
1438041600.00,173.00,61.00,501.00,220.00
1438128000.00,170.00,60.00,516.00,219.00
1438214400.00,170.00,60.00,537.00,215.00
1438300800.00,169.00,60.00,555.00,210.00
1438387200.00,166.00,60.00,575.00,205.00
1438473600.00,168.00,61.00,561.00,201.00
1438560000.00,169.00,61.00,533.00,198.00
1438646400.00,170.00,63.00,508.00,192.00
1438732800.00,172.00,65.00,494.00,188.00
1438819200.00,174.00,66.00,494.00,186.00
1438905600.00,172.00,66.00,502.00,189.00
1438992000.00,172.00,67.00,499.00,191.00
1439078400.00,174.00,69.00,481.00,191.00
1439164800.00,173.00,69.00,467.00,193.00
1439251200.00,179.00,71.00,475.00,191.00
1439337600.00,187.00,74.00,475.00,189.00
1439424000.00,197.00,78.00,474.00,191.00
1439510400.00,205.00,80.00,481.00,191.00
1439596800.00,211.00,83.00,469.00,190.00
1439683200.00,203.00,86.00,471.00,192.00
1439769600.00,205.00,88.00,459.00,193.00
1439856000.00,195.00,83.00,463.00,194.00
1439942400.00,185.00,78.00,485.00,192.00
1440028800.00,175.00,74.00,509.00,193.00
1440115200.00,167.00,70.00,534.00,199.00
1440201600.00,170.00,67.00,549.00,207.00
1440288000.00,169.00,65.00,564.00,210.00
1440374400.00,166.00,63.00,592.00,215.00
1440460800.00,169.00,63.00,622.00,218.00
1440547200.00,170.00,65.00,652.00,216.00
1440633600.00,173.00,66.00,673.00,216.00
1440720000.00,173.00,67.00,673.00,216.00
1440806400.00,175.00,67.00,650.00,223.00
1440892800.00,174.00,67.00,628.00,226.00
1440979200.00,170.00,65.00,621.00,226.00
1441065600.00,170.00,65.00,623.00,223.00
1441152000.00,169.00,65.00,636.00,219.00
1441238400.00,167.00,66.00,642.00,213.00
1441324800.00,168.00,67.00,653.00,205.00
1441411200.00,170.00,68.00,656.00,199.00
1441497600.00,172.00,69.00,642.00,193.00
1441584000.00,174.00,70.00,632.00,190.00
1441670400.00,175.00,70.00,621.00,189.00
1441756800.00,174.00,70.00,617.00,189.00
1441843200.00,172.00,68.00,616.00,195.00
1441929600.00,176.00,69.00,616.00,200.00
1442016000.00,181.00,68.00,606.00,208.00
1442102400.00,185.00,67.00,587.00,215.00
1442188800.00,188.00,65.00,600.00,221.00
1442275200.00,189.00,66.00,616.00,224.00
1442361600.00,191.00,66.00,623.00,233.00
1442448000.00,198.00,68.00,616.00,242.00
1442534400.00,200.00,67.00,618.00,250.00
1442620800.00,206.00,68.00,611.00,248.00
1442707200.00,213.00,68.00,610.00,242.00
1442793600.00,210.00,67.00,624.00,236.00
1442880000.00,205.00,67.00,636.00,229.00
1442966400.00,211.00,67.00,629.00,228.00
1443052800.00,211.00,67.00,626.00,236.00
1443139200.00,205.00,66.00,645.00,244.00
1443225600.00,204.00,67.00,650.00,248.00
1443398400.00,218.00,70.00,607.00,234.00
1443484800.00,228.00,73.00,599.00,231.00
1443571200.00,229.00,76.00,609.00,232.00
1443657600.00,220.00,74.00,636.00,238.00
1444089600.00,202.00,77.00,617.00,236.00
1444176000.00,208.00,78.00,592.00,231.00
1444262400.00,211.00,80.00,589.00,227.00
1444348800.00,208.00,80.00,585.00,228.00
1444435200.00,212.00,83.00,571.00,224.00
1444521600.00,213.00,87.00,568.00,223.00
1444608000.00,211.00,84.00,555.00,220.00
1444694400.00,207.00,81.00,556.00,216.00
1444780800.00,206.00,81.00,554.00,217.00
1444867200.00,203.00,79.00,550.00,217.00
1444953600.00,197.00,77.00,561.00,220.00
1445040000.00,192.00,79.00,590.00,221.00
1445126400.00,185.00,77.00,620.00,222.00
1445212800.00,184.00,74.00,651.00,223.00
1445299200.00,185.00,72.00,683.00,224.00
1445385600.00,186.00,72.00,704.00,228.00
1445558400.00,189.00,72.00,726.00,240.00
1445644800.00,194.00,73.00,707.00,239.00
1445731200.00,198.00,75.00,672.00,237.00
1445817600.00,194.00,73.00,642.00,235.00
1445904000.00,191.00,70.00,649.00,235.00
1445990400.00,189.00,68.00,680.00,238.00
1446163200.00,189.00,68.00,714.00,245.00
1446249600.00,187.00,68.00,714.00,251.00
1446336000.00,186.00,68.00,730.00,252.00
1446422400.00,189.00,66.00,721.00,253.00
1446508800.00,190.00,67.00,709.00,247.00
1446595200.00,192.00,69.00,697.00,243.00
1446681600.00,193.00,71.00,684.00,241.00
1446768000.00,194.00,70.00,662.00,245.00
1446854400.00,195.00,70.00,671.00,248.00
1446940800.00,193.00,69.00,691.00,246.00
1447027200.00,191.00,68.00,719.00,245.00
1447113600.00,190.00,69.00,733.00,248.00
1447200000.00,191.00,69.00,724.00,252.00
1447286400.00,191.00,70.00,705.00,258.00
1447372800.00,192.00,72.00,677.00,261.00
1447459200.00,194.00,73.00,666.00,256.00
1447545600.00,195.00,73.00,677.00,250.00
1447632000.00,194.00,74.00,668.00,244.00
1447718400.00,195.00,76.00,648.00,240.00
1447804800.00,198.00,79.00,628.00,239.00
1447891200.00,198.00,83.00,612.00,239.00
1447977600.00,199.00,88.00,628.00,243.00
1448064000.00,200.00,90.00,638.00,240.00
1448150400.00,202.00,93.00,647.00,239.00
1448236800.00,201.00,98.00,647.00,238.00
1448323200.00,201.00,103.00,663.00,237.00
1448409600.00,200.00,109.00,675.00,239.00
1448496000.00,199.00,115.00,681.00,242.00
1448582400.00,197.00,121.00,703.00,246.00
1448668800.00,196.00,128.00,718.00,250.00
1448755200.00,196.00,135.00,723.00,247.00
1448841600.00,196.00,142.00,706.00,244.00
1448928000.00,197.00,150.00,686.00,243.00
1449014400.00,196.00,158.00,686.00,242.00
1449100800.00,198.00,166.00,683.00,243.00
1449187200.00,197.00,175.00,695.00,247.00
1449273600.00,196.00,183.00,695.00,245.00
1449360000.00,196.00,188.00,693.00,242.00
1449446400.00,192.00,184.00,690.00,243.00
1449532800.00,193.00,182.00,687.00,241.00
1449619200.00,193.00,180.00,682.00,240.00
1449705600.00,193.00,181.00,679.00,242.00
1449792000.00,192.00,178.00,686.00,247.00
1449878400.00,194.00,178.00,658.00,249.00
1449964800.00,195.00,177.00,627.00,245.00
1450051200.00,193.00,174.00,606.00,245.00
1450137600.00,192.00,169.00,630.00,246.00
1450224000.00,188.00,160.00,661.00,245.00
1450310400.00,183.00,152.00,674.00,247.00
1450396800.00,181.00,144.00,664.00,249.00
1450483200.00,185.00,138.00,636.00,245.00
1450569600.00,185.00,138.00,633.00,241.00
1450656000.00,187.00,139.00,618.00,238.00
1450742400.00,190.00,143.00,610.00,235.00
1450828800.00,195.00,151.00,603.00,234.00
1450915200.00,200.00,158.00,604.00,230.00
1451001600.00,203.00,160.00,600.00,226.00
1451088000.00,210.00,164.00,574.00,221.00
1451174400.00,209.00,171.00,557.00,217.00
1451260800.00,205.00,167.00,566.00,217.00
1451347200.00,209.00,164.00,573.00,220.00
1451433600.00,212.00,161.00,588.00,219.00
1451520000.00,220.00,155.00,596.00,218.00
1451606400.00,229.00,152.00,590.00,216.00
1451692800.00,234.00,146.00,579.00,212.00
1451779200.00,233.00,143.00,569.00,208.00
1451865600.00,230.00,137.00,563.00,208.00
1451952000.00,225.00,136.00,567.00,211.00
1452038400.00,213.00,131.00,595.00,215.00
1452124800.00,202.00,126.00,625.00,223.00
1452211200.00,191.00,119.00,653.00,233.00
1452297600.00,189.00,117.00,656.00,238.00
1452384000.00,192.00,118.00,638.00,238.00
1452470400.00,193.00,119.00,622.00,233.00
1452556800.00,192.00,120.00,618.00,229.00
1452643200.00,194.00,124.00,628.00,230.00
1452729600.00,200.00,129.00,616.00,237.00
1452816000.00,204.00,135.00,590.00,241.00
1452902400.00,211.00,142.00,582.00,236.00
1452988800.00,212.00,150.00,587.00,230.00
1453075200.00,213.00,158.00,603.00,225.00
1453161600.00,205.00,159.00,631.00,223.00
1453248000.00,200.00,164.00,645.00,223.00
1453334400.00,199.00,166.00,647.00,229.00
1453420800.00,201.00,169.00,640.00,241.00
1453507200.00,208.00,178.00,615.00,251.00
1453593600.00,205.00,186.00,628.00,250.00
1453680000.00,202.00,196.00,639.00,245.00
1453766400.00,206.00,205.00,620.00,243.00
1453852800.00,210.00,216.00,619.00,242.00
1453939200.00,209.00,222.00,634.00,243.00
1454025600.00,202.00,211.00,663.00,247.00
1454112000.00,199.00,212.00,668.00,247.00
1454198400.00,203.00,223.00,650.00,246.00
1454284800.00,202.00,229.00,654.00,242.00
1454371200.00,200.00,226.00,658.00,237.00
1454457600.00,201.00,227.00,675.00,233.00
1454544000.00,201.00,223.00,673.00,236.00
1454630400.00,199.00,211.00,696.00,245.00
1454716800.00,200.00,202.00,701.00,249.00
1454803200.00,197.00,194.00,692.00,252.00
1454889600.00,198.00,189.00,668.00,262.00
1454976000.00,194.00,179.00,693.00,261.00
1455062400.00,192.00,170.00,728.00,271.00
1455148800.00,189.00,161.00,765.00,284.00
1455235200.00,188.00,154.00,804.00,293.00
1455321600.00,189.00,154.00,844.00,293.00
1455408000.00,191.00,152.00,815.00,285.00
1455494400.00,192.00,155.00,813.00,281.00
1455580800.00,194.00,161.00,774.00,273.00
1455667200.00,199.00,170.00,735.00,270.00
1455753600.00,203.00,178.00,713.00,263.00
1455840000.00,203.00,175.00,734.00,255.00
1455926400.00,209.00,182.00,708.00,246.00
1456012800.00,215.00,191.00,675.00,236.00
1456099200.00,220.00,200.00,649.00,232.00
1456185600.00,215.00,210.00,664.00,235.00
1456272000.00,207.00,206.00,686.00,236.00
1456358400.00,201.00,195.00,721.00,244.00
1456444800.00,198.00,185.00,754.00,251.00
1456531200.00,198.00,185.00,758.00,249.00
1456617600.00,196.00,176.00,768.00,250.00
1456704000.00,196.00,171.00,744.00,250.00
1456790400.00,191.00,162.00,771.00,257.00
1456876800.00,192.00,158.00,810.00,270.00
1456963200.00,192.00,158.00,846.00,283.00
1457049600.00,192.00,154.00,840.00,297.00
1457136000.00,193.00,154.00,838.00,306.00
1457222400.00,194.00,153.00,852.00,303.00
1457308800.00,194.00,154.00,852.00,297.00
1457395200.00,197.00,156.00,853.00,292.00
1457481600.00,203.00,154.00,845.00,288.00
1457568000.00,205.00,153.00,829.00,284.00
1457654400.00,202.00,151.00,793.00,288.00
1457740800.00,198.00,153.00,777.00,289.00
1457827200.00,200.00,153.00,742.00,282.00
1457913600.00,201.00,150.00,734.00,269.00
1458000000.00,196.00,144.00,750.00,258.00
1458086400.00,195.00,139.00,771.00,259.00
1458172800.00,196.00,137.00,790.00,262.00
1458259200.00,197.00,139.00,802.00,270.00
1458345600.00,200.00,145.00,786.00,267.00
1458432000.00,205.00,149.00,758.00,260.00
1458518400.00,212.00,150.00,743.00,255.00
1458604800.00,215.00,149.00,758.00,256.00
1458691200.00,214.00,147.00,761.00,258.00
1458777600.00,214.00,148.00,759.00,261.00
1458864000.00,217.00,151.00,761.00,273.00
1458950400.00,223.00,155.00,754.00,281.00
1459036800.00,222.00,149.00,755.00,272.00
1459123200.00,218.00,143.00,775.00,267.00
1459209600.00,210.00,135.00,793.00,263.00
1459296000.00,211.00,135.00,805.00,268.00
1459382400.00,211.00,135.00,791.00,270.00
1459468800.00,209.00,137.00,769.00,274.00
1459555200.00,214.00,143.00,748.00,272.00
1459641600.00,217.00,140.00,740.00,267.00
1459728000.00,212.00,133.00,770.00,264.00
1459814400.00,208.00,127.00,776.00,269.00
1459900800.00,208.00,129.00,777.00,270.00
1459987200.00,213.00,131.00,772.00,270.00
1460073600.00,213.00,133.00,779.00,276.00
1460160000.00,221.00,136.00,778.00,273.00
1460246400.00,230.00,137.00,787.00,269.00
1460332800.00,237.00,138.00,783.00,264.00
1460419200.00,235.00,135.00,787.00,263.00
1460505600.00,242.00,137.00,795.00,260.00
1460592000.00,244.00,138.00,794.00,261.00
1460678400.00,251.00,142.00,791.00,264.00
1460764800.00,263.00,147.00,786.00,264.00
1460851200.00,274.00,148.00,777.00,262.00
1460937600.00,280.00,147.00,759.00,261.00
1461024000.00,270.00,140.00,765.00,260.00
1461110400.00,265.00,138.00,763.00,261.00
1461196800.00,262.00,137.00,761.00,258.00
1461283200.00,259.00,139.00,760.00,258.00
1461369600.00,269.00,146.00,746.00,256.00
1461456000.00,269.00,148.00,723.00,254.00
1461542400.00,267.00,148.00,696.00,252.00
1461628800.00,253.00,140.00,719.00,254.00
1461715200.00,243.00,134.00,752.00,255.00
1461801600.00,233.00,132.00,749.00,259.00
1461888000.00,226.00,132.00,743.00,263.00
1461974400.00,229.00,133.00,727.00,268.00
1462060800.00,223.00,132.00,727.00,268.00
1462147200.00,216.00,132.00,725.00,268.00
1462233600.00,210.00,131.00,734.00,265.00
1462320000.00,208.00,134.00,733.00,264.00
1462406400.00,206.00,133.00,727.00,262.00
1462492800.00,203.00,134.00,719.00,267.00
1462579200.00,203.00,139.00,710.00,268.00
1462665600.00,201.00,136.00,697.00,267.00
1462752000.00,199.00,130.00,693.00,264.00
1462838400.00,196.00,124.00,696.00,261.00
1462924800.00,198.00,127.00,707.00,255.00
1463011200.00,202.00,132.00,694.00,251.00
1463097600.00,205.00,132.00,687.00,249.00
1463184000.00,207.00,133.00,681.00,245.00
1463270400.00,216.00,136.00,663.00,243.00
1463356800.00,221.00,137.00,634.00,241.00
1463443200.00,211.00,131.00,654.00,240.00
1463529600.00,203.00,127.00,670.00,242.00
1463616000.00,198.00,127.00,681.00,247.00
1463702400.00,197.00,128.00,672.00,252.00
1463961600.00,215.00,140.00,623.00,245.00
1464048000.00,208.00,137.00,642.00,242.00
1464134400.00,206.00,138.00,666.00,239.00
1464220800.00,205.00,142.00,670.00,240.00
1464307200.00,208.00,148.00,658.00,244.00
1464393600.00,208.00,153.00,649.00,246.00
1464480000.00,207.00,159.00,652.00,246.00
1464566400.00,205.00,153.00,654.00,245.00
1464652800.00,208.00,152.00,654.00,244.00
1464739200.00,206.00,148.00,660.00,243.00
1464825600.00,204.00,148.00,677.00,243.00
1464912000.00,202.00,148.00,684.00,251.00
1464998400.00,202.00,152.00,692.00,256.00
1465084800.00,202.00,153.00,685.00,252.00
1465171200.00,205.00,160.00,669.00,250.00
1465257600.00,203.00,155.00,677.00,245.00
1465344000.00,202.00,149.00,697.00,241.00
1465430400.00,203.00,147.00,697.00,242.00
1465516800.00,204.00,145.00,683.00,249.00
1465603200.00,203.00,142.00,677.00,249.00
1465689600.00,204.00,144.00,668.00,249.00
1465776000.00,205.00,144.00,644.00,249.00
1465862400.00,203.00,141.00,665.00,249.00
1465948800.00,203.00,143.00,670.00,249.00
1466035200.00,204.00,150.00,666.00,249.00
1466121600.00,202.00,148.00,669.00,251.00
1466208000.00,198.00,145.00,687.00,250.00
1466294400.00,198.00,151.00,671.00,249.00
1466380800.00,198.00,154.00,661.00,249.00
1466467200.00,198.00,154.00,664.00,250.00
1466553600.00,199.00,161.00,664.00,250.00
1466640000.00,199.00,167.00,663.00,250.00
1466726400.00,198.00,168.00,662.00,250.00
1466812800.00,197.00,168.00,657.00,248.00
1466899200.00,199.00,170.00,647.00,246.00
1466985600.00,199.00,168.00,645.00,243.00
1467072000.00,198.00,164.00,656.00,243.00
1467158400.00,198.00,163.00,660.00,244.00
1467244800.00,199.00,164.00,661.00,245.00
1467331200.00,199.00,162.00,660.00,245.00
1467417600.00,199.00,160.00,652.00,246.00
1467504000.00,199.00,161.00,644.00,245.00
1467590400.00,197.00,155.00,648.00,245.00
1467676800.00,195.00,151.00,651.00,247.00
1467763200.00,194.00,152.00,653.00,249.00
1467849600.00,193.00,152.00,653.00,253.00
1467936000.00,192.00,147.00,657.00,254.00
1468022400.00,190.00,144.00,656.00,254.00
1468108800.00,187.00,140.00,658.00,254.00
1468195200.00,183.00,134.00,674.00,253.00
1468281600.00,185.00,133.00,690.00,253.00
1468368000.00,188.00,135.00,689.00,254.00
1468454400.00,190.00,136.00,692.00,254.00
1468540800.00,192.00,136.00,689.00,254.00
1468627200.00,187.00,136.00,702.00,253.00
1468713600.00,185.00,136.00,710.00,251.00
1468800000.00,185.00,135.00,725.00,247.00
1468886400.00,187.00,138.00,695.00,248.00
1469318400.00,190.00,161.00,620.00,249.00
1469404800.00,190.00,162.00,606.00,249.00
1469491200.00,191.00,167.00,606.00,251.00
1469577600.00,191.00,174.00,615.00,250.00
1469664000.00,192.00,179.00,620.00,249.00
1469750400.00,192.00,188.00,609.00,248.00
1469836800.00,193.00,191.00,597.00,247.00
1469923200.00,194.00,190.00,594.00,245.00
1470009600.00,191.00,188.00,596.00,241.00
1470096000.00,190.00,181.00,598.00,237.00
1470182400.00,190.00,174.00,597.00,237.00
1470268800.00,189.00,169.00,601.00,238.00
1470355200.00,186.00,160.00,602.00,239.00
1470441600.00,186.00,155.00,590.00,241.00
1470528000.00,187.00,155.00,597.00,240.00
1470614400.00,183.00,148.00,610.00,238.00
1470700800.00,180.00,140.00,601.00,234.00
1470787200.00,180.00,135.00,587.00,235.00
1470873600.00,185.00,136.00,592.00,237.00
1470960000.00,185.00,134.00,594.00,237.00
1471046400.00,185.00,138.00,596.00,236.00
1471132800.00,183.00,136.00,600.00,235.00
1471219200.00,180.00,133.00,597.00,236.00
1471305600.00,179.00,131.00,592.00,236.00
1471392000.00,181.00,131.00,587.00,236.00
1471478400.00,183.00,133.00,580.00,237.00
1471564800.00,185.00,134.00,573.00,237.00
1471651200.00,185.00,133.00,553.00,237.00
1471737600.00,181.00,127.00,551.00,237.00
1471824000.00,178.00,123.00,543.00,234.00
1471910400.00,180.00,120.00,538.00,234.00
1471996800.00,185.00,125.00,528.00,231.00
1472083200.00,184.00,127.00,519.00,224.00
1472169600.00,180.00,125.00,513.00,222.00
1472256000.00,179.00,126.00,510.00,223.00
1472428800.00,175.00,118.00,533.00,220.00
1472688000.00,178.00,106.00,527.00,218.00
1472774400.00,178.00,105.00,517.00,219.00
1472860800.00,182.00,110.00,510.00,220.00
1472947200.00,182.00,110.00,498.00,219.00
1473033600.00,183.00,108.00,504.00,216.00
1473120000.00,183.00,105.00,505.00,215.00
1473206400.00,185.00,103.00,504.00,215.00
1473292800.00,183.00,102.00,492.00,215.00
1473379200.00,182.00,101.00,486.00,209.00
1473465600.00,182.00,102.00,474.00,209.00
1473552000.00,182.00,99.00,494.00,207.00
1473638400.00,181.00,101.00,509.00,203.00
1473724800.00,182.00,99.00,510.00,208.00
1473811200.00,185.00,99.00,536.00,216.00
1473897600.00,185.00,96.00,553.00,223.00
1473984000.00,189.00,99.00,526.00,230.00
1474070400.00,195.00,102.00,500.00,237.00
1474156800.00,197.00,102.00,479.00,239.00
1474243200.00,197.00,103.00,496.00,237.00
1474329600.00,194.00,100.00,493.00,239.00
1474416000.00,192.00,99.00,502.00,237.00
1474502400.00,193.00,96.00,506.00,233.00
1474588800.00,193.00,95.00,498.00,228.00
1474675200.00,194.00,97.00,511.00,225.00
1474761600.00,194.00,96.00,524.00,220.00
1474848000.00,192.00,94.00,537.00,218.00
1474934400.00,191.00,96.00,527.00,218.00
1475020800.00,191.00,98.00,522.00,224.00
1475107200.00,189.00,100.00,537.00,227.00
1475193600.00,188.00,100.00,532.00,228.00
1475280000.00,185.00,100.00,519.00,228.00
1475366400.00,185.00,102.00,520.00,227.00
1475452800.00,184.00,102.00,531.00,223.00
1475539200.00,184.00,100.00,544.00,219.00
1475625600.00,183.00,99.00,541.00,218.00
1475712000.00,182.00,99.00,533.00,219.00
1475798400.00,180.00,100.00,518.00,222.00
1475884800.00,183.00,104.00,515.00,224.00
1475971200.00,182.00,104.00,513.00,225.00
1476057600.00,186.00,108.00,519.00,224.00
1476144000.00,185.00,109.00,530.00,223.00
1476230400.00,183.00,110.00,530.00,224.00
1476316800.00,182.00,112.00,531.00,222.00
1476403200.00,181.00,113.00,521.00,224.00
1476489600.00,182.00,117.00,518.00,224.00
1476576000.00,184.00,123.00,517.00,217.00
1476662400.00,182.00,127.00,523.00,211.00
1476748800.00,181.00,122.00,527.00,213.00
1476835200.00,181.00,120.00,539.00,213.00
1476921600.00,181.00,118.00,551.00,216.00
1477008000.00,181.00,117.00,538.00,217.00
1477094400.00,182.00,118.00,522.00,217.00
1477180800.00,184.00,123.00,512.00,216.00
1477267200.00,184.00,122.00,513.00,216.00
1477353600.00,187.00,121.00,520.00,216.00
1477440000.00,191.00,123.00,523.00,216.00
1477526400.00,191.00,124.00,521.00,214.00
1477612800.00,192.00,122.00,516.00,210.00
1477699200.00,192.00,123.00,513.00,209.00
1477785600.00,187.00,118.00,514.00,208.00
1477872000.00,184.00,117.00,517.00,206.00
1477958400.00,180.00,115.00,527.00,210.00
1478044800.00,180.00,115.00,526.00,210.00
1478131200.00,179.00,115.00,527.00,212.00
1478217600.00,179.00,116.00,525.00,212.00
1478304000.00,179.00,115.00,526.00,211.00
1478390400.00,179.00,121.00,522.00,209.00
1478476800.00,177.00,121.00,522.00,208.00
1478563200.00,176.00,122.00,525.00,207.00
1478649600.00,175.00,121.00,525.00,206.00
1478736000.00,176.00,122.00,527.00,207.00
1478822400.00,176.00,125.00,530.00,208.00
1478908800.00,176.00,126.00,537.00,209.00
1478995200.00,174.00,127.00,536.00,210.00
1479081600.00,171.00,127.00,539.00,211.00
1479168000.00,169.00,130.00,518.00,212.00
1479254400.00,169.00,162.00,522.00,211.00
1481155200.00,167.00,160.00,532.00,205.00
1481241600.00,166.00,158.00,540.00,206.00
1481328000.00,165.00,154.00,541.00,204.00
1481414400.00,163.00,148.00,540.00,204.00
1481500800.00,159.00,144.00,543.00,204.00
1481587200.00,157.00,141.00,539.00,206.00
1481673600.00,157.00,140.00,539.00,207.00
1481760000.00,157.00,142.00,545.00,208.00
1481846400.00,158.00,141.00,544.00,208.00
1481932800.00,157.00,138.00,543.00,209.00
1482019200.00,155.00,142.00,536.00,210.00
1482105600.00,154.00,146.00,528.00,211.00
1482192000.00,152.00,150.00,516.00,210.00
1482278400.00,151.00,153.00,510.00,210.00
1482364800.00,152.00,158.00,498.00,207.00
1482451200.00,155.00,158.00,485.00,203.00
1482537600.00,157.00,164.00,462.00,201.00
1482624000.00,160.00,162.00,462.00,199.00
1482710400.00,159.00,165.00,472.00,199.00
1482796800.00,161.00,166.00,469.00,199.00
1482883200.00,164.00,170.00,477.00,198.00
1482969600.00,169.00,174.00,475.00,197.00
1483056000.00,173.00,173.00,476.00,193.00
1483142400.00,174.00,176.00,480.00,188.00
1483228800.00,172.00,172.00,481.00,185.00
1483315200.00,169.00,166.00,496.00,181.00
1483401600.00,172.00,164.00,482.00,183.00
1483488000.00,173.00,156.00,498.00,186.00
1483574400.00,164.00,150.00,519.00,188.00
1483660800.00,156.00,144.00,525.00,183.00
1483747200.00,151.00,139.00,509.00,183.00
1483833600.00,144.00,136.00,502.00,185.00
1483920000.00,138.00,131.00,496.00,188.00
1484006400.00,138.00,135.00,492.00,191.00
1484092800.00,142.00,136.00,489.00,196.00
1484179200.00,145.00,142.00,494.00,196.00
1484265600.00,148.00,150.00,493.00,194.00
1484352000.00,148.00,147.00,494.00,189.00
1484438400.00,147.00,141.00,499.00,189.00
1484524800.00,145.00,142.00,498.00,190.00
1484611200.00,145.00,146.00,499.00,190.00
1484697600.00,146.00,146.00,500.00,192.00
1484784000.00,149.00,149.00,499.00,193.00
1484870400.00,150.00,153.00,502.00,192.00
1484956800.00,152.00,150.00,516.00,193.00
1485043200.00,152.00,148.00,518.00,194.00
1485129600.00,150.00,152.00,521.00,194.00
1485216000.00,147.00,154.00,521.00,195.00
1485561600.00,141.00,148.00,520.00,202.00
1485648000.00,141.00,149.00,521.00,205.00
1485734400.00,141.00,151.00,519.00,208.00
1485820800.00,143.00,154.00,525.00,209.00
1485907200.00,142.00,160.00,541.00,210.00
1485993600.00,144.00,166.00,561.00,212.00
1486080000.00,146.00,170.00,563.00,214.00
1486166400.00,148.00,170.00,552.00,213.00
1486252800.00,148.00,176.00,544.00,214.00
1486339200.00,145.00,182.00,540.00,213.00
1486425600.00,147.00,188.00,562.00,213.00
1486512000.00,151.00,198.00,589.00,212.00
1486598400.00,158.00,205.00,589.00,212.00
1486684800.00,162.00,210.00,590.00,212.00
1486771200.00,160.00,217.00,582.00,209.00
1486857600.00,154.00,224.00,578.00,207.00
1486944000.00,152.00,233.00,574.00,206.00
1487030400.00,152.00,244.00,565.00,208.00
1487116800.00,155.00,253.00,557.00,209.00
1487203200.00,158.00,244.00,532.00,208.00
1487289600.00,161.00,232.00,516.00,208.00
1487462400.00,160.00,220.00,507.00,206.00
1487548800.00,157.00,209.00,507.00,204.00
1487635200.00,158.00,201.00,512.00,201.00
1487721600.00,161.00,205.00,535.00,199.00
1487808000.00,165.00,215.00,554.00,198.00
1487894400.00,167.00,210.00,566.00,198.00
1487980800.00,166.00,200.00,564.00,199.00
1488067200.00,159.00,195.00,563.00,203.00
1488153600.00,152.00,193.00,574.00,208.00
1488240000.00,151.00,200.00,579.00,211.00
1488326400.00,152.00,209.00,586.00,213.00
1488412800.00,152.00,218.00,588.00,213.00
1488499200.00,150.00,221.00,599.00,213.00
1488585600.00,147.00,212.00,587.00,213.00
1488672000.00,143.00,201.00,572.00,214.00
1488758400.00,141.00,193.00,559.00,214.00
1488844800.00,140.00,191.00,548.00,215.00
1488931200.00,146.00,186.00,533.00,215.00
1489017600.00,153.00,183.00,528.00,214.00
1489104000.00,158.00,177.00,523.00,214.00
1489190400.00,161.00,170.00,513.00,212.00
1489276800.00,157.00,164.00,519.00,212.00
1489363200.00,155.00,164.00,519.00,210.00
1489449600.00,155.00,168.00,511.00,207.00
1489536000.00,162.00,170.00,510.00,207.00
1489622400.00,167.00,178.00,509.00,206.00
1489708800.00,168.00,184.00,510.00,204.00
1489795200.00,169.00,180.00,509.00,203.00
1489881600.00,166.00,178.00,511.00,202.00
1489968000.00,160.00,183.00,517.00,200.00
1490054400.00,164.00,193.00,525.00,199.00
1490140800.00,172.00,195.00,531.00,200.00
1490227200.00,179.00,192.00,539.00,199.00
1490313600.00,181.00,187.00,538.00,203.00
1490400000.00,179.00,181.00,528.00,204.00
1490486400.00,178.00,178.00,525.00,204.00
1490572800.00,171.00,186.00,532.00,204.00
1490659200.00,173.00,190.00,540.00,204.00
1490745600.00,181.00,187.00,544.00,204.00
1490832000.00,187.00,188.00,551.00,202.00
1490918400.00,185.00,187.00,538.00,200.00
1491004800.00,186.00,185.00,529.00,199.00
1491091200.00,183.00,184.00,531.00,200.00
1491177600.00,180.00,190.00,528.00,200.00
1491264000.00,179.00,176.00,529.00,203.00
1491350400.00,185.00,170.00,529.00,205.00
1492041600.00,177.00,162.00,534.00,209.00
1492128000.00,174.00,154.00,535.00,207.00
1492214400.00,173.00,147.00,539.00,206.00
1492300800.00,172.00,140.00,547.00,207.00
1492387200.00,168.00,139.00,548.00,206.00
1492473600.00,168.00,143.00,551.00,204.00
1492560000.00,171.00,150.00,550.00,202.00
1492646400.00,176.00,157.00,557.00,201.00
1492732800.00,179.00,163.00,550.00,201.00
1492819200.00,182.00,160.00,540.00,200.00
1492905600.00,184.00,156.00,535.00,199.00
1492992000.00,178.00,162.00,540.00,198.00
1493078400.00,174.00,170.00,546.00,198.00
1493164800.00,175.00,169.00,559.00,199.00
1493251200.00,180.00,171.00,573.00,199.00
1493337600.00,182.00,168.00,571.00,200.00
1493424000.00,182.00,162.00,573.00,200.00
1493510400.00,180.00,160.00,567.00,200.00
1493596800.00,174.00,161.00,549.00,201.00
1493683200.00,174.00,169.00,536.00,201.00
1493769600.00,173.00,171.00,539.00,200.00
1493856000.00,172.00,177.00,545.00,199.00
1493942400.00,172.00,180.00,537.00,200.00
1494028800.00,175.00,176.00,535.00,200.00
1494115200.00,175.00,179.00,535.00,199.00
1494201600.00,171.00,186.00,533.00,200.00
1494288000.00,172.00,192.00,534.00,200.00
1494374400.00,176.00,198.00,537.00,199.00
1494460800.00,178.00,198.00,540.00,197.00
1494547200.00,182.00,190.00,537.00,197.00
1494633600.00,182.00,180.00,532.00,193.00
1494720000.00,178.00,178.00,523.00,190.00
1494806400.00,174.00,182.00,519.00,189.00
1494892800.00,176.00,189.00,518.00,190.00
1494979200.00,178.00,189.00,530.00,191.00
1495065600.00,179.00,192.00,537.00,191.00
1495152000.00,180.00,187.00,531.00,192.00
1495238400.00,181.00,182.00,525.00,192.00
1495324800.00,178.00,175.00,525.00,191.00
1495411200.00,176.00,178.00,518.00,188.00
1495497600.00,173.00,173.00,513.00,188.00
1495584000.00,173.00,171.00,516.00,188.00
1495670400.00,174.00,177.00,519.00,188.00
1495756800.00,169.00,173.00,517.00,189.00
1495843200.00,174.00,167.00,513.00,190.00
1495929600.00,176.00,168.00,509.00,193.00
1496016000.00,176.00,172.00,505.00,195.00
1496102400.00,177.00,175.00,508.00,195.00
1496188800.00,184.00,172.00,514.00,196.00
1496275200.00,190.00,168.00,509.00,196.00
1496361600.00,191.00,164.00,509.00,196.00
1496448000.00,191.00,156.00,514.00,198.00
1496534400.00,190.00,162.00,519.00,197.00
1496620800.00,183.00,163.00,514.00,196.00
1496707200.00,182.00,162.00,510.00,196.00
1496793600.00,184.00,163.00,500.00,197.00
1496880000.00,187.00,162.00,495.00,198.00
1496966400.00,189.00,157.00,491.00,195.00
1497052800.00,191.00,154.00,489.00,191.00
1497139200.00,192.00,152.00,489.00,185.00
1497225600.00,190.00,151.00,499.00,182.00
1497312000.00,188.00,150.00,507.00,183.00
1497398400.00,189.00,152.00,502.00,185.00
1497484800.00,196.00,149.00,499.00,189.00
1497571200.00,196.00,144.00,496.00,190.00
1497657600.00,200.00,142.00,490.00,189.00
1497744000.00,201.00,142.00,490.00,187.00
1497830400.00,197.00,142.00,499.00,186.00
1497916800.00,198.00,139.00,510.00,186.00
1498003200.00,203.00,133.00,495.00,186.00
1498089600.00,211.00,126.00,477.00,186.00
1498176000.00,218.00,119.00,460.00,186.00
1498262400.00,226.00,113.00,454.00,185.00
1498348800.00,222.00,107.00,466.00,181.00
1498435200.00,212.00,101.00,484.00,177.00
1498521600.00,214.00,95.00,486.00,178.00
1498608000.00,219.00,90.00,465.00,181.00
1498694400.00,225.00,85.00,448.00,182.00
1498780800.00,221.00,80.00,445.00,183.00
1498867200.00,218.00,80.00,445.00,178.00
1498953600.00,213.00,83.00,448.00,174.00
1499040000.00,210.00,87.00,455.00,172.00
1499126400.00,206.00,88.00,441.00,173.00
1499212800.00,215.00,89.00,440.00,174.00
1499299200.00,225.00,87.00,437.00,172.00
1499385600.00,227.00,86.00,437.00,171.00
1499472000.00,230.00,84.00,438.00,169.00
1499558400.00,228.00,82.00,440.00,166.00
1499990400.00,217.00,80.00,446.00,162.00
1500076800.00,215.00,79.00,443.00,165.00
1500163200.00,211.00,83.00,454.00,164.00
1500249600.00,205.00,85.00,463.00,165.00
1500336000.00,200.00,86.00,471.00,171.00
1500422400.00,204.00,86.00,466.00,173.00
1500508800.00,204.00,83.00,460.00,179.00
1500595200.00,202.00,80.00,458.00,188.00
1500681600.00,201.00,81.00,448.00,192.00
1500768000.00,195.00,83.00,453.00,190.00
1500854400.00,188.00,85.00,465.00,189.00
1500940800.00,186.00,88.00,480.00,191.00
1501027200.00,185.00,89.00,465.00,194.00
1501113600.00,186.00,91.00,453.00,200.00
1501200000.00,193.00,89.00,448.00,201.00
1501286400.00,194.00,92.00,443.00,200.00
1501372800.00,193.00,95.00,444.00,196.00
1501459200.00,189.00,98.00,464.00,192.00
1501545600.00,193.00,101.00,471.00,191.00
1501632000.00,196.00,106.00,449.00,191.00
1501718400.00,202.00,106.00,452.00,190.00
1501804800.00,204.00,100.00,461.00,192.00
1501891200.00,208.00,100.00,477.00,193.00
1501977600.00,205.00,99.00,484.00,187.00
1502064000.00,199.00,97.00,465.00,181.00
1502323200.00,202.00,92.00,448.00,188.00
1502409600.00,206.00,89.00,445.00,191.00
1502496000.00,211.00,87.00,451.00,192.00
1502582400.00,210.00,90.00,456.00,189.00
1502668800.00,206.00,94.00,457.00,187.00
1502755200.00,208.00,93.00,454.00,186.00
1502841600.00,214.00,95.00,453.00,187.00
1502928000.00,214.00,95.00,453.00,190.00
1503014400.00,213.00,92.00,452.00,194.00
1503100800.00,213.00,93.00,450.00,193.00
1503187200.00,210.00,95.00,453.00,192.00
1503273600.00,204.00,97.00,454.00,193.00
1503360000.00,202.00,97.00,454.00,194.00
1503446400.00,203.00,99.00,447.00,196.00
1503532800.00,205.00,98.00,445.00,197.00
1503619200.00,206.00,94.00,444.00,196.00
1503705600.00,210.00,92.00,448.00,195.00
1503792000.00,209.00,94.00,460.00,194.00
1503878400.00,205.00,94.00,469.00,191.00
1503964800.00,205.00,94.00,459.00,189.00
1504051200.00,210.00,95.00,453.00,188.00
1504137600.00,212.00,93.00,452.00,189.00
1504224000.00,215.00,93.00,452.00,190.00
1504310400.00,217.00,90.00,451.00,190.00
1504396800.00,212.00,91.00,459.00,189.00
1504483200.00,210.00,93.00,467.00,189.00
1504569600.00,210.00,92.00,458.00,190.00
1504656000.00,210.00,93.00,456.00,190.00
1504742400.00,212.00,92.00,455.00,190.00
1504828800.00,214.00,90.00,459.00,189.00
1504915200.00,216.00,90.00,461.00,186.00
1505001600.00,215.00,91.00,467.00,184.00
1505088000.00,210.00,91.00,476.00,184.00
1505174400.00,208.00,90.00,465.00,186.00
1505260800.00,205.00,88.00,459.00,187.00
1505347200.00,202.00,86.00,458.00,188.00
1505433600.00,204.00,86.00,461.00,187.00
1505520000.00,203.00,89.00,464.00,185.00
1505606400.00,202.00,89.00,471.00,183.00
1505692800.00,199.00,89.00,465.00,183.00
1505779200.00,199.00,89.00,468.00,186.00
1505865600.00,201.00,89.00,492.00,187.00
1505952000.00,200.00,87.00,515.00,187.00
1506038400.00,196.00,84.00,539.00,188.00
1506124800.00,196.00,83.00,537.00,186.00
1506211200.00,195.00,80.00,545.00,184.00
1506297600.00,191.00,77.00,548.00,182.00
1506384000.00,195.00,75.00,537.00,179.00
1506470400.00,195.00,72.00,525.00,177.00
1506556800.00,187.00,69.00,508.00,176.00
1506643200.00,178.00,68.00,503.00,181.00
1506729600.00,171.00,69.00,500.00,186.00
1506816000.00,168.00,72.00,500.00,189.00
1506902400.00,163.00,75.00,487.00,194.00
1506988800.00,163.00,78.00,467.00,196.00
1507075200.00,165.00,80.00,460.00,197.00
1507161600.00,167.00,81.00,458.00,197.00
1507248000.00,171.00,79.00,460.00,197.00
1507334400.00,175.00,81.00,461.00,197.00
1507420800.00,179.00,85.00,454.00,193.00
1507507200.00,182.00,85.00,452.00,190.00
1507593600.00,181.00,84.00,456.00,189.00
1507680000.00,181.00,82.00,460.00,189.00
1507766400.00,181.00,82.00,458.00,190.00
1507852800.00,183.00,81.00,452.00,189.00
1507939200.00,186.00,83.00,449.00,187.00
1508025600.00,186.00,84.00,448.00,187.00
1508112000.00,186.00,86.00,444.00,187.00
1508198400.00,186.00,86.00,445.00,189.00
1508284800.00,186.00,85.00,447.00,187.00
1508371200.00,186.00,82.00,443.00,187.00
1508457600.00,188.00,84.00,438.00,184.00
1508544000.00,193.00,85.00,427.00,183.00
1508630400.00,191.00,85.00,426.00,182.00
1508716800.00,186.00,87.00,424.00,182.00
1508803200.00,187.00,87.00,427.00,182.00
1508889600.00,191.00,85.00,429.00,181.00
1508976000.00,195.00,82.00,430.00,181.00
1509062400.00,196.00,81.00,429.00,179.00
1509148800.00,195.00,82.00,432.00,173.00
1509235200.00,191.00,83.00,437.00,167.00
1509321600.00,185.00,82.00,436.00,165.00
1509408000.00,182.00,82.00,435.00,170.00
1509494400.00,182.00,80.00,434.00,171.00
1509580800.00,179.00,78.00,429.00,170.00
1509667200.00,178.00,79.00,419.00,168.00
1509753600.00,176.00,81.00,413.00,165.00
1509840000.00,172.00,83.00,413.00,162.00
1509926400.00,168.00,85.00,413.00,161.00
1510012800.00,167.00,87.00,414.00,162.00
1510099200.00,167.00,87.00,415.00,160.00
1510185600.00,167.00,84.00,415.00,158.00
1510272000.00,170.00,84.00,411.00,156.00
1510358400.00,172.00,85.00,414.00,153.00
1510444800.00,174.00,86.00,415.00,153.00
1510531200.00,175.00,86.00,409.00,155.00
1510617600.00,174.00,85.00,405.00,159.00
1510704000.00,176.00,85.00,403.00,160.00
1510790400.00,178.00,83.00,402.00,161.00
1510876800.00,178.00,83.00,397.00,162.00
1510963200.00,179.00,83.00,400.00,161.00
1511049600.00,178.00,83.00,398.00,160.00
1511136000.00,176.00,82.00,397.00,161.00
1511222400.00,175.00,81.00,396.00,163.00
1511308800.00,176.00,79.00,392.00,164.00
1511395200.00,176.00,77.00,390.00,164.00
1511481600.00,177.00,77.00,390.00,162.00
1511568000.00,176.00,76.00,396.00,160.00
1511654400.00,173.00,76.00,402.00,159.00
1511740800.00,169.00,76.00,398.00,158.00
1511827200.00,168.00,75.00,391.00,158.00
1511913600.00,169.00,75.00,390.00,158.00
1512000000.00,169.00,73.00,383.00,158.00
1512086400.00,169.00,73.00,381.00,158.00
1512172800.00,167.00,72.00,383.00,158.00
1512259200.00,165.00,72.00,391.00,157.00
1512345600.00,163.00,73.00,387.00,158.00
1512432000.00,162.00,75.00,383.00,159.00
1512518400.00,162.00,75.00,381.00,161.00
1512604800.00,166.00,74.00,380.00,163.00
1512691200.00,169.00,76.00,388.00,164.00
1512777600.00,169.00,78.00,397.00,161.00
1512864000.00,170.00,76.00,411.00,160.00
1512950400.00,169.00,76.00,423.00,160.00
1513036800.00,172.00,75.00,423.00,161.00
1513123200.00,175.00,75.00,423.00,161.00
1513209600.00,175.00,74.00,422.00,161.00
1513296000.00,176.00,72.00,420.00,160.00
1513382400.00,177.00,72.00,418.00,159.00
1513468800.00,176.00,72.00,421.00,158.00
1513555200.00,169.00,71.00,430.00,159.00
1513641600.00,161.00,69.00,429.00,164.00
1513728000.00,160.00,66.00,420.00,172.00
1513814400.00,161.00,65.00,417.00,179.00
1513900800.00,161.00,63.00,414.00,181.00
1513987200.00,163.00,63.00,412.00,180.00
1514073600.00,159.00,64.00,427.00,180.00
1514160000.00,155.00,66.00,448.00,185.00
1514246400.00,154.00,68.00,431.00,189.00
1514332800.00,156.00,67.00,421.00,189.00
1514419200.00,159.00,66.00,411.00,187.00
1514505600.00,161.00,66.00,405.00,185.00
1514592000.00,163.00,69.00,405.00,180.00
1514678400.00,163.00,71.00,406.00,176.00
1514764800.00,158.00,70.00,425.00,174.00
1514851200.00,154.00,71.00,447.00,175.00
1514937600.00,157.00,72.00,466.00,180.00
1515024000.00,162.00,71.00,470.00,184.00
1515110400.00,166.00,69.00,468.00,180.00
1515196800.00,166.00,68.00,463.00,176.00
1515283200.00,167.00,69.00,458.00,173.00
1515369600.00,166.00,69.00,440.00,170.00
1515456000.00,160.00,69.00,423.00,168.00
1515542400.00,156.00,69.00,414.00,167.00
1515628800.00,154.00,69.00,405.00,167.00
1515715200.00,155.00,69.00,402.00,168.00
1515801600.00,159.00,71.00,404.00,169.00
1515888000.00,159.00,73.00,420.00,168.00
1515974400.00,156.00,74.00,439.00,168.00
1516060800.00,159.00,75.00,432.00,170.00
1516147200.00,164.00,75.00,420.00,172.00
1516233600.00,170.00,72.00,409.00,170.00
1516320000.00,176.00,70.00,409.00,168.00
1516406400.00,176.00,70.00,411.00,167.00
1516492800.00,172.00,72.00,423.00,168.00
1516579200.00,166.00,75.00,429.00,170.00
1516665600.00,162.00,75.00,432.00,174.00
1516752000.00,162.00,74.00,420.00,177.00
1516838400.00,166.00,73.00,417.00,178.00
1516924800.00,170.00,75.00,429.00,178.00
1517011200.00,177.00,76.00,428.00,174.00
1517097600.00,180.00,79.00,430.00,170.00
1517184000.00,178.00,82.00,443.00,169.00
1517270400.00,178.00,84.00,443.00,171.00
1517356800.00,178.00,85.00,442.00,171.00
1517443200.00,178.00,89.00,431.00,170.00
1517529600.00,182.00,89.00,428.00,170.00
1517616000.00,186.00,88.00,427.00,170.00
1517702400.00,185.00,88.00,423.00,169.00
1517788800.00,181.00,90.00,420.00,170.00
1517875200.00,182.00,90.00,420.00,173.00
1517961600.00,186.00,90.00,416.00,176.00
1518048000.00,191.00,91.00,417.00,175.00
1518134400.00,183.00,93.00,420.00,174.00
1518220800.00,173.00,97.00,422.00,174.00
1518307200.00,164.00,101.00,421.00,175.00
1518393600.00,155.00,107.00,424.00,179.00
1518480000.00,148.00,110.00,430.00,181.00
1518566400.00,146.00,105.00,430.00,181.00
1518652800.00,144.00,107.00,435.00,181.00
1518739200.00,139.00,112.00,441.00,180.00
1518825600.00,135.00,115.00,437.00,180.00
1518912000.00,129.00,115.00,437.00,180.00
1518998400.00,129.00,116.00,445.00,181.00
1519084800.00,132.00,118.00,452.00,186.00
1519171200.00,138.00,116.00,451.00,186.00
1519257600.00,145.00,120.00,447.00,183.00
1519344000.00,153.00,126.00,448.00,184.00
1519430400.00,160.00,133.00,452.00,184.00
1519516800.00,160.00,134.00,439.00,182.00
1519603200.00,156.00,138.00,427.00,182.00
1519689600.00,155.00,136.00,423.00,181.00
1519776000.00,157.00,133.00,425.00,180.00
1519862400.00,158.00,129.00,431.00,177.00
1519948800.00,157.00,129.00,437.00,175.00
1520035200.00,158.00,127.00,444.00,171.00
1520121600.00,157.00,125.00,449.00,169.00
1520208000.00,156.00,123.00,454.00,167.00
1520294400.00,156.00,119.00,452.00,168.00
1520380800.00,157.00,117.00,448.00,172.00
1520467200.00,157.00,116.00,449.00,173.00
1520553600.00,159.00,116.00,451.00,173.00
1520640000.00,159.00,116.00,449.00,173.00
1520726400.00,159.00,119.00,449.00,173.00
1520812800.00,159.00,124.00,449.00,172.00
1520899200.00,161.00,122.00,449.00,172.00
1520985600.00,165.00,120.00,450.00,172.00
1521072000.00,171.00,121.00,453.00,171.00
1521158400.00,173.00,122.00,447.00,170.00
1521244800.00,177.00,122.00,443.00,169.00
1521331200.00,178.00,123.00,449.00,168.00
1521417600.00,178.00,120.00,453.00,167.00
1521590400.00,185.00,116.00,458.00,165.00
1521676800.00,189.00,114.00,465.00,164.00
1521849600.00,191.00,118.00,464.00,162.00
1521936000.00,186.00,118.00,458.00,162.00
1522022400.00,179.00,116.00,446.00,163.00
1522108800.00,176.00,114.00,432.00,164.00
1522195200.00,178.00,113.00,432.00,166.00
1522281600.00,181.00,110.00,451.00,166.00
1522368000.00,183.00,108.00,467.00,167.00
1522454400.00,185.00,109.00,484.00,167.00
1522540800.00,186.00,111.00,470.00,166.00
1522713600.00,183.00,112.00,449.00,166.00
1522800000.00,185.00,111.00,440.00,167.00
1522886400.00,186.00,110.00,436.00,167.00
1522972800.00,187.00,107.00,431.00,169.00
1523059200.00,187.00,104.00,435.00,171.00
1523145600.00,187.00,102.00,434.00,171.00
1523232000.00,185.00,99.00,434.00,171.00
1523318400.00,181.00,101.00,431.00,171.00
1523404800.00,182.00,101.00,433.00,171.00
1523491200.00,180.00,102.00,443.00,172.00
1523577600.00,180.00,100.00,444.00,174.00
1523664000.00,180.00,102.00,439.00,177.00
1523750400.00,180.00,105.00,435.00,178.00
1523836800.00,179.00,107.00,428.00,179.00
1523923200.00,176.00,108.00,431.00,181.00
1524009600.00,177.00,108.00,442.00,182.00
1524096000.00,178.00,106.00,448.00,182.00
1524182400.00,181.00,105.00,440.00,182.00
1524268800.00,187.00,104.00,434.00,181.00
1524355200.00,186.00,105.00,431.00,176.00
1524441600.00,181.00,109.00,433.00,171.00
1524528000.00,183.00,113.00,433.00,170.00
1524614400.00,183.00,114.00,445.00,169.00
1524700800.00,190.00,113.00,460.00,169.00
1524787200.00,199.00,110.00,476.00,169.00
1524873600.00,204.00,110.00,471.00,169.00
1524960000.00,198.00,110.00,459.00,169.00
1525046400.00,190.00,113.00,463.00,169.00
1525132800.00,188.00,112.00,467.00,169.00
1525219200.00,188.00,112.00,471.00,173.00
1525392000.00,186.00,114.00,477.00,176.00
1525478400.00,186.00,116.00,480.00,179.00
1525564800.00,184.00,117.00,469.00,183.00
1525737600.00,182.00,118.00,455.00,182.00
1525824000.00,183.00,119.00,447.00,180.00
1525910400.00,183.00,116.00,450.00,179.00
1525996800.00,182.00,115.00,466.00,180.00
1526083200.00,181.00,115.00,479.00,184.00
1526169600.00,177.00,116.00,475.00,186.00
1526256000.00,172.00,117.00,473.00,185.00
1526342400.00,170.00,121.00,470.00,184.00
1526428800.00,170.00,123.00,471.00,187.00
1526515200.00,174.00,123.00,468.00,192.00
1526601600.00,181.00,122.00,474.00,196.00
1526688000.00,186.00,127.00,480.00,195.00
1526774400.00,180.00,134.00,488.00,199.00
1526860800.00,175.00,138.00,495.00,199.00
1526947200.00,174.00,141.00,494.00,195.00
1527033600.00,176.00,143.00,492.00,189.00
1527120000.00,180.00,146.00,496.00,187.00
1527206400.00,183.00,149.00,506.00,187.00
1527292800.00,188.00,152.00,511.00,187.00
1527379200.00,187.00,157.00,515.00,188.00
1527465600.00,183.00,162.00,515.00,187.00
1527552000.00,181.00,170.00,539.00,185.00
1527638400.00,182.00,178.00,551.00,184.00
1527724800.00,184.00,182.00,548.00,183.00
1527811200.00,186.00,181.00,543.00,183.00
1527897600.00,189.00,180.00,534.00,184.00
1527984000.00,185.00,180.00,530.00,183.00
1528070400.00,180.00,177.00,528.00,183.00
1528156800.00,178.00,172.00,524.00,181.00
1528243200.00,174.00,169.00,511.00,180.00
1528329600.00,166.00,166.00,495.00,180.00
1528416000.00,158.00,159.00,492.00,182.00
1528502400.00,152.00,159.00,513.00,188.00
1528588800.00,149.00,159.00,525.00,189.00
1528675200.00,145.00,160.00,533.00,189.00
1528761600.00,146.00,158.00,531.00,191.00
1528848000.00,152.00,157.00,529.00,196.00
1528934400.00,157.00,154.00,527.00,203.00
1529020800.00,160.00,151.00,530.00,209.00
1529107200.00,158.00,152.00,522.00,214.00
1529193600.00,154.00,156.00,509.00,217.00
1529280000.00,150.00,160.00,503.00,221.00
1529366400.00,151.00,165.00,501.00,224.00
1529452800.00,156.00,169.00,498.00,228.00
1529539200.00,161.00,172.00,503.00,235.00
1529625600.00,163.00,168.00,508.00,234.00
1529712000.00,163.00,170.00,512.00,228.00
1529798400.00,162.00,177.00,513.00,223.00
1529884800.00,159.00,180.00,513.00,214.00
1529971200.00,161.00,179.00,509.00,206.00
1530057600.00,162.00,174.00,506.00,202.00
1530144000.00,165.00,169.00,508.00,201.00
1530230400.00,167.00,165.00,520.00,200.00
1530316800.00,169.00,164.00,527.00,200.00
1530403200.00,168.00,166.00,527.00,199.00
1530489600.00,165.00,169.00,533.00,199.00
1530576000.00,165.00,172.00,533.00,201.00
1530662400.00,164.00,171.00,527.00,205.00
1530748800.00,162.00,168.00,523.00,211.00
1530835200.00,161.00,167.00,521.00,217.00
1530921600.00,159.00,168.00,523.00,224.00
1531008000.00,157.00,172.00,542.00,228.00
1531094400.00,155.00,171.00,555.00,229.00
1531180800.00,154.00,173.00,552.00,225.00
1531267200.00,154.00,177.00,548.00,216.00
1531353600.00,154.00,180.00,544.00,211.00
1531440000.00,156.00,176.00,548.00,209.00
1531526400.00,159.00,173.00,557.00,210.00
1531612800.00,159.00,174.00,569.00,208.00
1531699200.00,155.00,179.00,581.00,208.00
1531785600.00,154.00,188.00,583.00,209.00
1531872000.00,157.00,196.00,585.00,209.00
1531958400.00,160.00,201.00,583.00,215.00
1532044800.00,161.00,201.00,583.00,222.00
1532131200.00,161.00,199.00,599.00,229.00
1532217600.00,161.00,198.00,603.00,230.00
1532304000.00,157.00,202.00,596.00,230.00
1532390400.00,157.00,201.00,584.00,230.00
1532476800.00,157.00,204.00,577.00,227.00
1532563200.00,157.00,202.00,565.00,226.00
1532649600.00,155.00,196.00,567.00,228.00
1532736000.00,155.00,193.00,578.00,229.00
1532822400.00,154.00,194.00,586.00,230.00
1532908800.00,153.00,203.00,593.00,230.00
1532995200.00,152.00,202.00,583.00,225.00
1533081600.00,155.00,204.00,572.00,221.00
1533168000.00,157.00,203.00,569.00,218.00
1533254400.00,157.00,202.00,570.00,216.00
1533340800.00,161.00,204.00,583.00,214.00
1533427200.00,160.00,210.00,599.00,210.00
1533513600.00,158.00,214.00,561.00,210.00
1533600000.00,157.00,221.00,545.00,208.00
1533686400.00,158.00,219.00,549.00,207.00
1533772800.00,158.00,216.00,571.00,209.00
1533859200.00,158.00,209.00,574.00,213.00
1533945600.00,158.00,211.00,553.00,216.00
1534032000.00,158.00,216.00,543.00,219.00
1534118400.00,157.00,221.00,545.00,221.00
1534291200.00,159.00,228.00,546.00,221.00
1534464000.00,165.00,222.00,543.00,221.00
1534550400.00,169.00,223.00,552.00,221.00
1534636800.00,171.00,227.00,558.00,220.00
1534723200.00,169.00,230.00,560.00,211.00
1534809600.00,171.00,227.00,574.00,203.00
1534896000.00,172.00,226.00,584.00,196.00
1534982400.00,173.00,226.00,584.00,196.00
1535068800.00,172.00,225.00,572.00,202.00
1535155200.00,174.00,225.00,554.00,206.00
1535241600.00,177.00,226.00,555.00,210.00
1535328000.00,176.00,225.00,560.00,210.00
1535414400.00,177.00,225.00,567.00,207.00
1535500800.00,176.00,223.00,568.00,202.00
1535587200.00,171.00,221.00,569.00,199.00
1535673600.00,166.00,218.00,565.00,199.00
1535760000.00,163.00,214.00,557.00,201.00
1535846400.00,161.00,209.00,558.00,202.00
1535932800.00,159.00,203.00,554.00,207.00
1536019200.00,156.00,202.00,563.00,208.00
1536105600.00,156.00,198.00,565.00,206.00
1536192000.00,160.00,197.00,555.00,207.00
1536278400.00,165.00,193.00,550.00,210.00
1536364800.00,169.00,190.00,543.00,211.00
1536451200.00,168.00,188.00,534.00,212.00
1536537600.00,165.00,180.00,536.00,211.00
1536624000.00,164.00,176.00,538.00,210.00
1536710400.00,166.00,180.00,547.00,210.00
1536796800.00,166.00,181.00,553.00,209.00
1536883200.00,170.00,183.00,553.00,209.00
1536969600.00,173.00,186.00,555.00,209.00
1537056000.00,173.00,185.00,557.00,208.00
1537142400.00,172.00,183.00,556.00,208.00
1537228800.00,176.00,180.00,555.00,207.00
1537315200.00,177.00,182.00,551.00,207.00
1537401600.00,176.00,182.00,543.00,207.00
1537488000.00,174.00,180.00,519.00,207.00
1537574400.00,171.00,180.00,516.00,207.00
1537660800.00,169.00,184.00,532.00,206.00
1537747200.00,166.00,188.00,521.00,206.00
1537833600.00,165.00,190.00,515.00,207.00
1537920000.00,166.00,192.00,510.00,207.00
1538006400.00,168.00,191.00,521.00,208.00
1538092800.00,171.00,188.00,536.00,208.00
1538179200.00,177.00,187.00,552.00,206.00
1538265600.00,177.00,192.00,561.00,206.00
1538352000.00,176.00,193.00,553.00,205.00
1538438400.00,174.00,194.00,546.00,205.00
1538524800.00,178.00,191.00,530.00,205.00
1538611200.00,183.00,188.00,533.00,206.00
1538697600.00,187.00,185.00,540.00,206.00
1538784000.00,189.00,184.00,553.00,205.00
1538870400.00,185.00,183.00,560.00,204.00
1538956800.00,179.00,182.00,543.00,203.00
1539043200.00,175.00,181.00,536.00,199.00
1539129600.00,171.00,178.00,525.00,196.00
1539216000.00,170.00,175.00,518.00,199.00
1539302400.00,168.00,174.00,521.00,202.00
1539388800.00,167.00,173.00,517.00,204.00
1539475200.00,166.00,171.00,515.00,205.00
1539561600.00,166.00,170.00,521.00,205.00
1539648000.00,164.00,171.00,522.00,202.00
1539734400.00,163.00,166.00,520.00,199.00
1539820800.00,163.00,164.00,519.00,200.00
1539907200.00,164.00,164.00,525.00,202.00
1539993600.00,166.00,167.00,524.00,204.00
1540080000.00,169.00,166.00,526.00,207.00
1540166400.00,168.00,167.00,526.00,207.00
1540252800.00,171.00,172.00,532.00,207.00
1540339200.00,174.00,168.00,539.00,212.00
1540425600.00,174.00,167.00,550.00,214.00
1540512000.00,175.00,168.00,567.00,214.00
1540598400.00,176.00,170.00,566.00,211.00
1540684800.00,175.00,171.00,558.00,211.00
1540771200.00,170.00,166.00,557.00,211.00
1540857600.00,170.00,162.00,554.00,209.00
1540944000.00,169.00,157.00,539.00,208.00
1541030400.00,168.00,150.00,541.00,208.00
1541116800.00,166.00,147.00,540.00,209.00
1541289600.00,163.00,146.00,537.00,209.00
1541376000.00,162.00,144.00,535.00,209.00
1541462400.00,161.00,144.00,537.00,209.00
1541548800.00,161.00,142.00,535.00,209.00
1541635200.00,163.00,140.00,535.00,210.00
1541721600.00,165.00,138.00,547.00,213.00
1541808000.00,167.00,137.00,562.00,218.00
1541894400.00,170.00,138.00,555.00,223.00
1541980800.00,171.00,138.00,535.00,221.00
1542067200.00,174.00,139.00,533.00,217.00
1542153600.00,180.00,139.00,532.00,215.00
1542240000.00,185.00,137.00,526.00,213.00
1542326400.00,191.00,137.00,528.00,213.00
1542412800.00,200.00,136.00,529.00,212.00
1542499200.00,199.00,135.00,534.00,211.00
1542585600.00,193.00,131.00,536.00,208.00
1542672000.00,193.00,131.00,543.00,205.00
1542758400.00,194.00,131.00,558.00,204.00
1542844800.00,199.00,130.00,576.00,204.00
1542931200.00,202.00,131.00,568.00,203.00
1543017600.00,209.00,134.00,571.00,204.00
1543104000.00,217.00,139.00,570.00,204.00
1543190400.00,219.00,145.00,554.00,203.00
1543276800.00,221.00,155.00,539.00,202.00
1543363200.00,227.00,150.00,547.00,200.00
1543449600.00,238.00,149.00,554.00,200.00
1543536000.00,245.00,147.00,561.00,201.00
1543708800.00,252.00,147.00,564.00,200.00
1543795200.00,248.00,158.00,550.00,199.00
1543881600.00,248.00,162.00,544.00,198.00
1543968000.00,247.00,159.00,545.00,196.00
1544054400.00,249.00,158.00,543.00,197.00
1544227200.00,257.00,156.00,549.00,203.00
1544400000.00,254.00,154.00,552.00,202.00
1544486400.00,252.00,151.00,550.00,201.00
1544572800.00,251.00,149.00,540.00,199.00
1544659200.00,252.00,146.00,533.00,197.00
1544745600.00,255.00,146.00,521.00,197.00
1544832000.00,258.00,144.00,526.00,197.00
1544918400.00,256.00,143.00,535.00,196.00
1545004800.00,252.00,142.00,536.00,195.00
1545091200.00,251.00,144.00,525.00,194.00
1545177600.00,251.00,146.00,509.00,192.00
1545264000.00,251.00,145.00,505.00,189.00
1545350400.00,254.00,142.00,497.00,190.00
1545436800.00,262.00,140.00,498.00,188.00
1545523200.00,265.00,139.00,523.00,188.00
1545609600.00,261.00,139.00,548.00,188.00
1545696000.00,255.00,138.00,573.00,188.00
1545782400.00,252.00,138.00,599.00,187.00
1545868800.00,253.00,138.00,606.00,188.00
1545955200.00,256.00,136.00,602.00,189.00
1546041600.00,267.00,134.00,632.00,190.00
1546128000.00,278.00,127.00,627.00,189.00
1546214400.00,282.00,120.00,602.00,190.00
1546300800.00,279.00,116.00,573.00,189.00
1546387200.00,265.00,119.00,549.00,186.00
1546473600.00,251.00,125.00,531.00,184.00
1546560000.00,238.00,138.00,514.00,178.00
1546646400.00,230.00,152.00,491.00,181.00
1546732800.00,226.00,160.00,501.00,188.00
1546819200.00,226.00,160.00,508.00,197.00
1546992000.00,233.00,152.00,513.00,200.00
1547164800.00,232.00,149.00,517.00,206.00
1547251200.00,227.00,152.00,525.00,203.00
1547337600.00,222.00,158.00,529.00,198.00
1547424000.00,219.00,154.00,516.00,198.00
1547510400.00,220.00,151.00,498.00,197.00
1547596800.00,230.00,147.00,481.00,194.00
1547683200.00,239.00,145.00,484.00,190.00
1547769600.00,241.00,140.00,486.00,185.00
1547856000.00,238.00,133.00,480.00,179.00
1547942400.00,229.00,130.00,465.00,179.00
1548028800.00,220.00,131.00,466.00,183.00
1548115200.00,215.00,136.00,470.00,182.00
1548201600.00,209.00,143.00,476.00,180.00
1548288000.00,208.00,147.00,470.00,180.00
1548374400.00,212.00,145.00,465.00,181.00
1548460800.00,221.00,148.00,451.00,180.00
1548547200.00,224.00,147.00,433.00,176.00
1548633600.00,220.00,145.00,412.00,176.00
1548720000.00,218.00,142.00,410.00,175.00
1548806400.00,222.00,139.00,397.00,172.00
1548892800.00,219.00,136.00,395.00,171.00
1548979200.00,218.00,135.00,403.00,172.00
1549065600.00,216.00,131.00,412.00,173.00
1549152000.00,212.00,124.00,414.00,173.00
1549238400.00,207.00,117.00,408.00,172.00
1549324800.00,205.00,111.00,391.00,170.00
1549411200.00,202.00,105.00,386.00,168.00
1549497600.00,200.00,99.00,392.00,166.00
1549584000.00,194.00,95.00,400.00,164.00
1549670400.00,189.00,93.00,415.00,164.00
1549756800.00,180.00,93.00,423.00,172.00
1549843200.00,172.00,96.00,414.00,178.00
1549929600.00,171.00,97.00,411.00,186.00
1550016000.00,173.00,94.00,406.00,195.00
1550102400.00,179.00,91.00,397.00,200.00
1550188800.00,184.00,91.00,393.00,200.00
1550275200.00,183.00,92.00,394.00,197.00
1550361600.00,178.00,93.00,396.00,191.00
1550448000.00,175.00,94.00,394.00,185.00
1550534400.00,172.00,96.00,389.00,177.00
1550620800.00,169.00,92.00,376.00,175.00
1550707200.00,166.00,89.00,375.00,176.00
1550793600.00,162.00,85.00,374.00,175.00
1550880000.00,161.00,83.00,389.00,179.00
1550966400.00,157.00,85.00,404.00,184.00
1551052800.00,153.00,88.00,404.00,179.00
1551139200.00,153.00,93.00,395.00,177.00
1551225600.00,154.00,98.00,386.00,176.00
1551312000.00,156.00,97.00,380.00,175.00
1551398400.00,158.00,95.00,380.00,175.00
1551484800.00,162.00,92.00,381.00,176.00
1551571200.00,164.00,94.00,385.00,177.00
1551657600.00,162.00,98.00,384.00,178.00
1551744000.00,160.00,102.00,382.00,176.00
1551830400.00,157.00,102.00,375.00,175.00
1551916800.00,155.00,101.00,372.00,174.00
1552003200.00,154.00,99.00,365.00,172.00
1552089600.00,153.00,103.00,366.00,172.00
1552176000.00,150.00,108.00,372.00,170.00
1552262400.00,147.00,111.00,383.00,169.00
1552348800.00,144.00,115.00,375.00,167.00
1552435200.00,144.00,111.00,363.00,167.00
1552521600.00,145.00,105.00,351.00,167.00
1552608000.00,149.00,104.00,353.00,164.00
1552694400.00,156.00,101.00,357.00,166.00
1552780800.00,159.00,98.00,370.00,166.00
1552867200.00,159.00,100.00,374.00,166.00
1552953600.00,159.00,105.00,389.00,164.00
1553040000.00,156.00,108.00,399.00,159.00
1553126400.00,154.00,107.00,390.00,155.00
1553212800.00,156.00,104.00,394.00,153.00
1553299200.00,163.00,101.00,388.00,152.00
1553385600.00,164.00,100.00,369.00,152.00
1553472000.00,160.00,96.00,351.00,151.00
1553558400.00,157.00,96.00,354.00,150.00
1553644800.00,151.00,100.00,354.00,146.00
1553731200.00,146.00,97.00,350.00,143.00
1553817600.00,139.00,98.00,350.00,143.00
1553904000.00,138.00,102.00,362.00,142.00
1553990400.00,140.00,104.00,375.00,145.00
1554076800.00,137.00,104.00,380.00,145.00
1554163200.00,136.00,107.00,384.00,145.00
1554249600.00,139.00,110.00,373.00,145.00
1554336000.00,141.00,106.00,358.00,143.00
1554422400.00,142.00,101.00,356.00,144.00
1554508800.00,144.00,99.00,371.00,147.00
1554595200.00,146.00,98.00,385.00,149.00
1554681600.00,146.00,98.00,385.00,151.00
1554768000.00,143.00,101.00,389.00,151.00
1554854400.00,142.00,103.00,373.00,152.00
1554940800.00,140.00,103.00,355.00,152.00
1555027200.00,139.00,97.00,345.00,151.00
1555113600.00,139.00,93.00,338.00,151.00
1555200000.00,141.00,93.00,344.00,152.00
1555286400.00,140.00,91.00,348.00,153.00
1555372800.00,138.00,91.00,348.00,151.00
1555459200.00,139.00,93.00,335.00,149.00
1555545600.00,140.00,96.00,330.00,146.00
1555632000.00,140.00,95.00,335.00,146.00
1555718400.00,141.00,96.00,351.00,143.00
1555804800.00,143.00,95.00,369.00,140.00
1555891200.00,146.00,96.00,379.00,137.00
1555977600.00,149.00,97.00,390.00,134.00
1556064000.00,156.00,97.00,393.00,132.00
1556150400.00,153.00,94.00,389.00,131.00
1556236800.00,153.00,91.00,396.00,130.00
1556323200.00,155.00,87.00,402.00,126.00
1556409600.00,155.00,84.00,393.00,126.00
1556496000.00,152.00,84.00,373.00,128.00
1556582400.00,148.00,84.00,355.00,131.00
1556668800.00,141.00,85.00,340.00,133.00
1556755200.00,137.00,83.00,334.00,135.00
1556841600.00,133.00,83.00,337.00,136.00
1556928000.00,134.00,85.00,352.00,137.00
1557014400.00,135.00,88.00,365.00,142.00
1557100800.00,135.00,90.00,366.00,145.00
1557187200.00,136.00,92.00,369.00,145.00
1557273600.00,137.00,91.00,358.00,146.00
1557360000.00,140.00,91.00,344.00,147.00
1557446400.00,142.00,89.00,334.00,148.00
1557532800.00,141.00,85.00,344.00,151.00
1557619200.00,142.00,83.00,358.00,156.00
1557705600.00,141.00,83.00,366.00,161.00
1557792000.00,141.00,83.00,374.00,166.00
1557878400.00,142.00,84.00,383.00,171.00
1557964800.00,143.00,86.00,374.00,168.00
1558051200.00,141.00,86.00,358.00,161.00
1558137600.00,140.00,84.00,345.00,153.00
1558224000.00,139.00,83.00,345.00,148.00
1558310400.00,140.00,81.00,344.00,147.00
1558396800.00,139.00,80.00,345.00,144.00
1558483200.00,138.00,81.00,331.00,146.00
1558569600.00,137.00,84.00,323.00,149.00
1558656000.00,133.00,84.00,337.00,155.00
1558742400.00,128.00,81.00,345.00,159.00
1558828800.00,127.00,81.00,343.00,159.00
1558915200.00,127.00,82.00,339.00,162.00
1559001600.00,128.00,84.00,346.00,159.00
1559088000.00,128.00,86.00,339.00,153.00
1559174400.00,130.00,84.00,333.00,150.00
1559260800.00,132.00,81.00,329.00,147.00
1559347200.00,135.00,80.00,341.00,151.00
1559433600.00,138.00,81.00,354.00,156.00
1559520000.00,139.00,79.00,367.00,157.00
1559606400.00,136.00,75.00,364.00,155.00
1559692800.00,136.00,77.00,366.00,149.00
1559779200.00,136.00,78.00,351.00,143.00
1559865600.00,134.00,81.00,351.00,142.00
1559952000.00,135.00,80.00,363.00,147.00
1560038400.00,136.00,81.00,365.00,153.00
1560124800.00,136.00,81.00,363.00,157.00
1560211200.00,134.00,80.00,349.00,159.00
1560297600.00,132.00,83.00,340.00,158.00
1560384000.00,131.00,84.00,337.00,155.00
1560470400.00,130.00,83.00,339.00,158.00
1560556800.00,131.00,81.00,347.00,155.00
1560643200.00,135.00,81.00,344.00,152.00
1560729600.00,134.00,82.00,343.00,151.00
1560816000.00,132.00,84.00,341.00,144.00
1560902400.00,131.00,80.00,336.00,140.00
1560988800.00,131.00,80.00,329.00,142.00
1561075200.00,131.00,80.00,327.00,147.00
1561161600.00,132.00,79.00,335.00,150.00
1561248000.00,130.00,80.00,344.00,149.00
1561334400.00,127.00,81.00,355.00,153.00
1561420800.00,126.00,84.00,359.00,155.00
1561507200.00,126.00,86.00,361.00,155.00
1561593600.00,128.00,86.00,368.00,156.00
1561680000.00,127.00,83.00,371.00,158.00
1561766400.00,128.00,81.00,374.00,161.00
1561852800.00,132.00,81.00,376.00,163.00
1561939200.00,134.00,81.00,365.00,167.00
1562025600.00,130.00,83.00,350.00,167.00
1562112000.00,128.00,84.00,340.00,164.00
1562198400.00,126.00,85.00,333.00,161.00
1562284800.00,125.00,85.00,339.00,159.00
1562371200.00,126.00,84.00,345.00,158.00
1562457600.00,127.00,86.00,353.00,157.00
1562544000.00,127.00,89.00,358.00,155.00
1562630400.00,127.00,94.00,359.00,151.00
1562716800.00,127.00,99.00,358.00,146.00
1562803200.00,128.00,102.00,349.00,142.00
1562889600.00,130.00,106.00,342.00,146.00
1562976000.00,130.00,107.00,344.00,150.00
1563062400.00,133.00,107.00,352.00,152.00
1563148800.00,134.00,108.00,351.00,155.00
1563235200.00,134.00,108.00,362.00,155.00
1563321600.00,134.00,106.00,360.00,153.00
1563408000.00,134.00,103.00,344.00,151.00
1563494400.00,135.00,99.00,331.00,150.00
1563580800.00,136.00,95.00,333.00,151.00
1563667200.00,137.00,95.00,350.00,152.00
1563753600.00,138.00,93.00,363.00,150.00
1563840000.00,138.00,91.00,350.00,148.00
1563926400.00,135.00,91.00,339.00,147.00
1564012800.00,134.00,93.00,347.00,147.00
1564099200.00,132.00,89.00,349.00,152.00
1564185600.00,129.00,84.00,353.00,155.00
1564272000.00,127.00,79.00,352.00,155.00
1564358400.00,126.00,82.00,359.00,156.00
1564444800.00,125.00,83.00,349.00,154.00
1564531200.00,123.00,81.00,337.00,153.00
1564617600.00,122.00,82.00,346.00,151.00
1564704000.00,123.00,81.00,346.00,150.00
1564790400.00,126.00,82.00,353.00,149.00
1564876800.00,125.00,82.00,370.00,149.00
1564963200.00,124.00,85.00,388.00,148.00
1565049600.00,123.00,90.00,404.00,147.00
1565136000.00,124.00,88.00,388.00,146.00
1565222400.00,126.00,87.00,369.00,147.00
1565308800.00,129.00,88.00,358.00,150.00
1565395200.00,133.00,85.00,362.00,150.00
1565481600.00,131.00,83.00,379.00,147.00
1565568000.00,129.00,83.00,384.00,144.00
1565654400.00,127.00,87.00,368.00,142.00
1565740800.00,124.00,90.00,349.00,139.00
1565827200.00,123.00,90.00,336.00,139.00
1565913600.00,123.00,88.00,336.00,140.00
1566000000.00,124.00,87.00,342.00,143.00
1566086400.00,126.00,87.00,342.00,145.00
1566172800.00,128.00,89.00,354.00,144.00
1566259200.00,128.00,93.00,354.00,141.00
1566345600.00,127.00,94.00,365.00,140.00
1566432000.00,128.00,94.00,365.00,138.00
1566518400.00,133.00,92.00,376.00,142.00
1566604800.00,140.00,92.00,372.00,144.00
1566691200.00,145.00,87.00,361.00,144.00
1566691200.00,145.00,82.00,353.00,145.00
1566777600.00,147.00,82.00,357.00,147.00
1566777600.00,147.00,79.00,362.00,148.00
1566864000.00,143.00,79.00,366.00,148.00
1566864000.00,143.00,82.00,381.00,149.00
1566950400.00,140.00,85.00,373.00,149.00
1566950400.00,140.00,83.00,369.00,148.00
1567036800.00,135.00,83.00,376.00,146.00
1567123200.00,132.00,82.00,392.00,146.00
1567209600.00,134.00,81.00,400.00,149.00
1567296000.00,136.00,82.00,391.00,152.00
1567382400.00,139.00,83.00,391.00,151.00
1567468800.00,143.00,82.00,386.00,151.00
1567555200.00,144.00,80.00,378.00,150.00
1567641600.00,143.00,77.00,378.00,150.00
1567728000.00,143.00,77.00,382.00,149.00
1567814400.00,143.00,77.00,386.00,150.00
1567900800.00,143.00,79.00,401.00,149.00
1567987200.00,142.00,79.00,416.00,147.00
1568073600.00,141.00,77.00,424.00,144.00
1568160000.00,141.00,76.00,405.00,143.00
1568246400.00,143.00,73.00,385.00,147.00
1568332800.00,145.00,71.00,374.00,150.00
1568419200.00,146.00,73.00,377.00,150.00
1568505600.00,146.00,77.00,376.00,154.00
1568592000.00,146.00,81.00,394.00,155.00
1568678400.00,145.00,83.00,408.00,157.00
1568764800.00,144.00,81.00,387.00,159.00
1568851200.00,142.00,82.00,373.00,162.00
1568937600.00,142.00,83.00,360.00,160.00
1569024000.00,147.00,83.00,365.00,160.00
1569110400.00,152.00,81.00,378.00,158.00
1569196800.00,159.00,81.00,382.00,155.00
1569283200.00,160.00,80.00,385.00,153.00
1569369600.00,163.00,78.00,385.00,152.00
1569456000.00,160.00,76.00,382.00,153.00
1569542400.00,157.00,72.00,386.00,154.00
1569628800.00,159.00,71.00,393.00,154.00
1569715200.00,156.00,72.00,390.00,154.00
1569801600.00,155.00,72.00,388.00,158.00
1569888000.00,156.00,73.00,397.00,163.00
1569974400.00,157.00,71.00,390.00,168.00
1570060800.00,160.00,71.00,389.00,173.00
1570147200.00,164.00,71.00,397.00,181.00
1570233600.00,166.00,72.00,399.00,186.00
1570320000.00,164.00,75.00,403.00,190.00
1570406400.00,161.00,77.00,399.00,194.00
1570492800.00,159.00,77.00,390.00,198.00
1570579200.00,157.00,76.00,382.00,204.00
1570665600.00,157.00,76.00,383.00,211.00
1570752000.00,156.00,76.00,383.00,211.00
1570838400.00,155.00,76.00,386.00,205.00
1570924800.00,153.00,76.00,391.00,197.00
1571011200.00,149.00,77.00,398.00,187.00
1571097600.00,143.00,77.00,402.00,177.00
1571184000.00,142.00,76.00,387.00,168.00
1571270400.00,139.00,73.00,385.00,161.00
1571356800.00,139.00,71.00,383.00,156.00
1571443200.00,140.00,71.00,382.00,158.00
1571529600.00,142.00,71.00,377.00,162.00
1571616000.00,141.00,73.00,375.00,162.00
1571702400.00,138.00,75.00,378.00,164.00
1571788800.00,136.00,76.00,373.00,166.00
1571875200.00,133.00,74.00,368.00,174.00
1571961600.00,129.00,74.00,355.00,178.00
1572048000.00,130.00,74.00,363.00,180.00
1572134400.00,133.00,75.00,361.00,178.00
1572220800.00,135.00,75.00,374.00,173.00
1572307200.00,135.00,73.00,382.00,166.00
1572393600.00,137.00,74.00,376.00,161.00
1572480000.00,139.00,72.00,366.00,167.00
1572566400.00,140.00,71.00,359.00,174.00
1572652800.00,143.00,71.00,372.00,178.00
1572739200.00,143.00,71.00,383.00,178.00
1572825600.00,145.00,70.00,386.00,177.00
1572912000.00,143.00,73.00,377.00,174.00
1572998400.00,142.00,74.00,387.00,173.00
1573084800.00,142.00,74.00,377.00,180.00
1573171200.00,144.00,72.00,364.00,186.00
1573257600.00,148.00,71.00,371.00,184.00
1573344000.00,152.00,70.00,381.00,176.00
1573430400.00,150.00,70.00,381.00,168.00
1573516800.00,150.00,69.00,377.00,161.00
1573603200.00,148.00,68.00,378.00,165.00
1573689600.00,146.00,68.00,369.00,165.00
1573776000.00,142.00,69.00,360.00,161.00
1573862400.00,140.00,68.00,358.00,160.00
1573948800.00,139.00,68.00,357.00,162.00
1574035200.00,139.00,71.00,351.00,157.00
1574121600.00,138.00,72.00,353.00,155.00
1574208000.00,138.00,71.00,350.00,157.00
1574294400.00,140.00,70.00,347.00,158.00
1574380800.00,141.00,70.00,350.00,157.00
1574467200.00,145.00,70.00,351.00,153.00
1574553600.00,151.00,68.00,352.00,150.00
1574640000.00,153.00,67.00,362.00,145.00
1574726400.00,154.00,66.00,365.00,144.00
1574812800.00,156.00,63.00,374.00,148.00
1574899200.00,156.00,59.00,381.00,154.00
1574985600.00,153.00,56.00,384.00,160.00
1575072000.00,150.00,55.00,382.00,165.00
1575158400.00,144.00,56.00,385.00,170.00
1575244800.00,137.00,56.00,392.00,176.00
1575331200.00,132.00,56.00,394.00,178.00
1575417600.00,130.00,56.00,397.00,182.00
1575504000.00,131.00,54.00,398.00,184.00
1575590400.00,130.00,52.00,400.00,185.00
1575676800.00,131.00,53.00,394.00,183.00
1575763200.00,134.00,52.00,395.00,183.00
1575849600.00,135.00,51.00,396.00,178.00
1575936000.00,134.00,52.00,414.00,173.00
1576022400.00,132.00,52.00,432.00,170.00
1576108800.00,131.00,51.00,425.00,175.00
1576195200.00,131.00,51.00,409.00,180.00
1576281600.00,130.00,50.00,388.00,184.00
1576368000.00,129.00,50.00,368.00,190.00
1576454400.00,128.00,50.00,356.00,192.00
1576540800.00,127.00,50.00,358.00,193.00
1576627200.00,128.00,52.00,374.00,195.00
1576713600.00,129.00,55.00,392.00,200.00
1576800000.00,131.00,57.00,390.00,194.00
1576886400.00,133.00,60.00,404.00,188.00
1576972800.00,135.00,59.00,402.00,180.00
1577059200.00,134.00,57.00,423.00,172.00
1577145600.00,133.00,54.00,443.00,164.00
1577232000.00,135.00,52.00,442.00,162.00
1577318400.00,142.00,51.00,421.00,169.00
1577404800.00,148.00,50.00,402.00,171.00
1577491200.00,148.00,49.00,391.00,168.00
1577577600.00,143.00,50.00,390.00,165.00
1577664000.00,142.00,50.00,397.00,159.00
1577750400.00,137.00,48.00,411.00,156.00
1577836800.00,130.00,47.00,427.00,154.00
1577923200.00,128.00,46.00,442.00,157.00
1578009600.00,127.00,45.00,457.00,165.00
1578096000.00,129.00,45.00,480.00,173.00
1578182400.00,130.00,45.00,500.00,180.00
1578268800.00,129.00,44.00,505.00,185.00
1578355200.00,129.00,44.00,500.00,190.00
1578441600.00,128.00,43.00,486.00,196.00
1578528000.00,129.00,42.00,461.00,202.00
1578614400.00,130.00,43.00,442.00,209.00
1578700800.00,128.00,45.00,434.00,216.00
1578787200.00,127.00,46.00,435.00,223.00
1578873600.00,126.00,46.00,435.00,223.00
1578960000.00,127.00,46.00,426.00,231.00
1579046400.00,128.00,46.00,405.00,241.00
1579132800.00,129.00,47.00,390.00,243.00
1579219200.00,129.00,47.00,391.00,238.00
1579305600.00,128.00,47.00,394.00,230.00
1579392000.00,128.00,46.00,397.00,223.00
1579478400.00,128.00,46.00,408.00,218.00
1579564800.00,128.00,46.00,427.00,220.00
1579651200.00,129.00,46.00,420.00,224.00
1579737600.00,131.00,47.00,408.00,227.00
1579824000.00,132.00,46.00,406.00,224.00
1579910400.00,134.00,45.00,400.00,220.00
1579996800.00,134.00,45.00,402.00,222.00
1580083200.00,136.00,45.00,407.00,229.00
1580169600.00,137.00,46.00,415.00,234.00
1580256000.00,139.00,47.00,408.00,239.00
1580342400.00,142.00,47.00,397.00,242.00
1580428800.00,142.00,47.00,390.00,243.00
1580515200.00,146.00,48.00,396.00,239.00
1580601600.00,150.00,48.00,406.00,229.00
1580688000.00,152.00,47.00,421.00,217.00
1580774400.00,152.00,47.00,422.00,206.00
1580860800.00,153.00,47.00,408.00,195.00
1580947200.00,150.00,47.00,387.00,188.00
1581033600.00,143.00,46.00,367.00,186.00
1581120000.00,140.00,44.00,377.00,185.00
1581206400.00,136.00,43.00,395.00,181.00
1581292800.00,135.00,43.00,408.00,178.00
1581379200.00,133.00,45.00,410.00,179.00
1581465600.00,133.00,47.00,396.00,184.00
1581552000.00,133.00,46.00,378.00,189.00
1581638400.00,134.00,45.00,367.00,195.00
1581724800.00,139.00,44.00,383.00,192.00
1581811200.00,145.00,45.00,398.00,190.00
1581897600.00,147.00,47.00,404.00,187.00
1581984000.00,146.00,48.00,405.00,187.00
1582070400.00,142.00,48.00,386.00,189.00
1582156800.00,141.00,47.00,371.00,190.00
1582243200.00,138.00,45.00,368.00,191.00
1582329600.00,141.00,44.00,383.00,192.00
1582416000.00,144.00,43.00,394.00,193.00
1582502400.00,147.00,43.00,396.00,194.00
1582588800.00,147.00,43.00,398.00,193.00
1582675200.00,145.00,43.00,386.00,193.00
1582761600.00,140.00,42.00,367.00,190.00
1582848000.00,138.00,41.00,366.00,189.00
1582934400.00,136.00,41.00,380.00,189.00
1583020800.00,136.00,41.00,397.00,191.00
1583107200.00,135.00,42.00,399.00,191.00
1583193600.00,134.00,44.00,396.00,190.00
1583280000.00,133.00,47.00,378.00,190.00
1583366400.00,133.00,45.00,378.00,191.00
1583452800.00,132.00,44.00,384.00,192.00
1583539200.00,135.00,42.00,398.00,191.00
1583625600.00,138.00,43.00,412.00,191.00
1583712000.00,141.00,44.00,433.00,189.00
1583798400.00,141.00,44.00,455.00,186.00
1583884800.00,138.00,44.00,449.00,182.00
1583971200.00,136.00,43.00,426.00,177.00
1584057600.00,135.00,43.00,404.00,173.00
1584144000.00,136.00,43.00,407.00,170.00
1584230400.00,135.00,43.00,422.00,167.00
1584316800.00,133.00,45.00,439.00,165.00
1584403200.00,132.00,47.00,458.00,170.00
1584489600.00,132.00,48.00,437.00,176.00
1584576000.00,132.00,46.00,415.00,179.00
1584662400.00,131.00,45.00,406.00,179.00
1584748800.00,135.00,46.00,427.00,182.00
1584835200.00,141.00,46.00,446.00,187.00
1584921600.00,146.00,49.00,459.00,187.00
1585008000.00,145.00,52.00,458.00,185.00
1585094400.00,142.00,51.00,447.00,183.00
1585180800.00,141.00,49.00,428.00,185.00
1585267200.00,139.00,47.00,433.00,185.00
